source,instrument,cast_id,cruise_id,platform_id,lat,lon,obs_time,obs_date,obs_year,n_depth_levels,min_depth_m,max_depth_m,observed_mld,temp_mld_ref10,temp_mld_ref10_under100m,same_day_rtofs_s3_available,rtofs_s3_url
WOD_XBT_2024,xbt,22493045,US056075,BREMEN EXPRESS (Cont.s.;c.s.5LJY8;b.2008;flag Germany by 02.2023;IMO9343728)\0,25.77,-80.001,2024-03-12T15:23:59Z,20240312,2024,1559,0.7,988.4,20.9471,True,True,True,https://noaa-nws-rtofs-pds.s3.amazonaws.com/rtofs.20240312/rtofs_glo_3dz_f006_6hrly_hvr_US_east.nc
WOD_XBT_2024,xbt,22670873,US052988,F. G. WALTON SMITH (R/V;c.s.WCZ6292/WDL9255;b.1999;IMO8964501;operated by RSMAS),26.995,-80.002,2024-04-05T09:27:59Z,20240405,2024,308,0.7,203.9,31.3,True,True,True,https://noaa-nws-rtofs-pds.s3.amazonaws.com/rtofs.20240405/rtofs_glo_3dz_f006_6hrly_hvr_US_east.nc
WOD_XBT_2024,xbt,22671198,US056202,AIRPLANE,27.051,-88.204,2024-05-02T16:00:00Z,20240502,2024,827,0.0,892.0,16.0,True,True,True,https://noaa-nws-rtofs-pds.s3.amazonaws.com/rtofs.20240502/rtofs_glo_3dz_f006_6hrly_hvr_US_east.nc
WOD_XBT_2024,xbt,22671199,US056202,AIRPLANE,27.587,-88.414,2024-05-02T16:14:00Z,20240502,2024,581,0.0,705.0,26.0,True,True,True,https://noaa-nws-rtofs-pds.s3.amazonaws.com/rtofs.20240502/rtofs_glo_3dz_f006_6hrly_hvr_US_east.nc
WOD_XBT_2024,xbt,22671200,US056202,AIRPLANE,27.066,-88.27,2024-05-02T16:27:00Z,20240502,2024,314,0.0,379.0,22.0,True,True,True,https://noaa-nws-rtofs-pds.s3.amazonaws.com/rtofs.20240502/rtofs_glo_3dz_f006_6hrly_hvr_US_east.nc
WOD_XBT_2024,xbt,22671201,US056202,AIRPLANE,27.368,-88.388,2024-05-02T16:31:59Z,20240502,2024,805,0.0,898.0,11.5,True,True,True,https://noaa-nws-rtofs-pds.s3.amazonaws.com/rtofs.20240502/rtofs_glo_3dz_f006_6hrly_hvr_US_east.nc
WOD_XBT_2024,xbt,22671202,US056202,AIRPLANE,27.591,-88.416,2024-05-02T17:04:00Z,20240502,2024,685,0.0,878.0,12.0,True,True,True,https://noaa-nws-rtofs-pds.s3.amazonaws.com/rtofs.20240502/rtofs_glo_3dz_f006_6hrly_hvr_US_east.nc
WOD_XBT_2024,xbt,22671674,US056204,EL COQUI (Cargo ship;c.s.WDJ4838;built 2018;IMO9721968;MMSI367781630),30.398,-81.371,2024-06-01T00:48:59Z,20240601,2024,1559,0.7,988.4,,False,False,True,https://noaa-nws-rtofs-pds.s3.amazonaws.com/rtofs.20240601/rtofs_glo_3dz_f006_6hrly_hvr_US_east.nc
WOD_XBT_2024,xbt,22671675,US056204,EL COQUI (Cargo ship;c.s.WDJ4838;built 2018;IMO9721968;MMSI367781630),30.21,-81.062,2024-06-01T01:56:00Z,20240601,2024,1559,0.7,988.4,12.3182,True,True,True,https://noaa-nws-rtofs-pds.s3.amazonaws.com/rtofs.20240601/rtofs_glo_3dz_f006_6hrly_hvr_US_east.nc
WOD_XBT_2024,xbt,22671677,US056204,EL COQUI (Cargo ship;c.s.WDJ4838;built 2018;IMO9721968;MMSI367781630),30.298,-81.188,2024-06-01T01:31:00Z,20240601,2024,1559,0.7,988.4,,False,False,True,https://noaa-nws-rtofs-pds.s3.amazonaws.com/rtofs.20240601/rtofs_glo_3dz_f006_6hrly_hvr_US_east.nc
WOD_XBT_2024,xbt,22671678,US056204,EL COQUI (Cargo ship;c.s.WDJ4838;built 2018;IMO9721968;MMSI367781630),30.379,-81.317,2024-06-01T01:02:59Z,20240601,2024,195,0.7,129.6,,False,False,True,https://noaa-nws-rtofs-pds.s3.amazonaws.com/rtofs.20240601/rtofs_glo_3dz_f006_6hrly_hvr_US_east.nc
WOD_XBT_2024,xbt,22671679,US056204,EL COQUI (Cargo ship;c.s.WDJ4838;built 2018;IMO9721968;MMSI367781630),30.121,-80.941,2024-06-01T02:20:59Z,20240601,2024,219,0.7,145.5,16.0778,True,True,True,https://noaa-nws-rtofs-pds.s3.amazonaws.com/rtofs.20240601/rtofs_glo_3dz_f006_6hrly_hvr_US_east.nc
WOD_XBT_2024,xbt,22671680,US056204,EL COQUI (Cargo ship;c.s.WDJ4838;built 2018;IMO9721968;MMSI367781630),30.028,-80.821,2024-06-01T02:46:59Z,20240601,2024,628,0.7,411.3,17.4429,True,True,True,https://noaa-nws-rtofs-pds.s3.amazonaws.com/rtofs.20240601/rtofs_glo_3dz_f006_6hrly_hvr_US_east.nc
WOD_XBT_2024,xbt,22671681,US056204,EL COQUI (Cargo ship;c.s.WDJ4838;built 2018;IMO9721968;MMSI367781630),29.844,-80.584,2024-06-01T03:37:00Z,20240601,2024,299,0.7,198.0,20.16,True,True,True,https://noaa-nws-rtofs-pds.s3.amazonaws.com/rtofs.20240601/rtofs_glo_3dz_f006_6hrly_hvr_US_east.nc
WOD_XBT_2024,xbt,22671682,US056204,EL COQUI (Cargo ship;c.s.WDJ4838;built 2018;IMO9721968;MMSI367781630),29.936,-80.702,2024-06-01T03:12:00Z,20240601,2024,485,0.7,319.2,23.4,True,True,True,https://noaa-nws-rtofs-pds.s3.amazonaws.com/rtofs.20240601/rtofs_glo_3dz_f006_6hrly_hvr_US_east.nc
WOD_XBT_2024,xbt,22671683,US056204,EL COQUI (Cargo ship;c.s.WDJ4838;built 2018;IMO9721968;MMSI367781630),29.661,-80.344,2024-06-01T04:27:59Z,20240601,2024,1559,0.7,988.4,12.8077,True,True,True,https://noaa-nws-rtofs-pds.s3.amazonaws.com/rtofs.20240601/rtofs_glo_3dz_f006_6hrly_hvr_US_east.nc
WOD_XBT_2024,xbt,22671684,US056204,EL COQUI (Cargo ship;c.s.WDJ4838;built 2018;IMO9721968;MMSI367781630),29.75,-80.465,2024-06-01T04:03:00Z,20240601,2024,926,0.7,600.3,11.6,True,True,True,https://noaa-nws-rtofs-pds.s3.amazonaws.com/rtofs.20240601/rtofs_glo_3dz_f006_6hrly_hvr_US_east.nc
WOD_XBT_2024,xbt,22671685,US056204,EL COQUI (Cargo ship;c.s.WDJ4838;built 2018;IMO9721968;MMSI367781630),29.568,-80.227,2024-06-01T04:54:59Z,20240601,2024,838,0.7,544.9,20.7,True,True,True,https://noaa-nws-rtofs-pds.s3.amazonaws.com/rtofs.20240601/rtofs_glo_3dz_f006_6hrly_hvr_US_east.nc
WOD_XBT_2024,xbt,22671686,US056204,EL COQUI (Cargo ship;c.s.WDJ4838;built 2018;IMO9721968;MMSI367781630),29.561,-80.219,2024-06-01T04:56:59Z,20240601,2024,507,0.7,333.5,21.5556,True,True,True,https://noaa-nws-rtofs-pds.s3.amazonaws.com/rtofs.20240601/rtofs_glo_3dz_f006_6hrly_hvr_US_east.nc
WOD_XBT_2024,xbt,22671689,US056204,EL COQUI (Cargo ship;c.s.WDJ4838;built 2018;IMO9721968;MMSI367781630),29.48,-80.095,2024-06-01T05:24:59Z,20240601,2024,1195,0.7,767.4,29.4824,True,True,True,https://noaa-nws-rtofs-pds.s3.amazonaws.com/rtofs.20240601/rtofs_glo_3dz_f006_6hrly_hvr_US_east.nc
WOD_XBT_2024,xbt,22671888,US056204,EL COQUI (Cargo ship;c.s.WDJ4838;built 2018;IMO9721968;MMSI367781630),29.452,-80.035,2024-06-06T04:41:59Z,20240606,2024,1546,0.7,980.7,40.7,True,True,True,https://noaa-nws-rtofs-pds.s3.amazonaws.com/rtofs.20240606/rtofs_glo_3dz_f006_6hrly_hvr_US_east.nc
WOD_XBT_2024,xbt,22671892,US056204,EL COQUI (Cargo ship;c.s.WDJ4838;built 2018;IMO9721968;MMSI367781630),29.622,-80.277,2024-06-06T05:26:59Z,20240606,2024,1559,0.7,988.4,24.4,True,True,True,https://noaa-nws-rtofs-pds.s3.amazonaws.com/rtofs.20240606/rtofs_glo_3dz_f006_6hrly_hvr_US_east.nc
WOD_XBT_2024,xbt,22671893,US056204,EL COQUI (Cargo ship;c.s.WDJ4838;built 2018;IMO9721968;MMSI367781630),29.537,-80.156,2024-06-06T05:04:00Z,20240606,2024,468,0.7,308.2,15.4,True,True,True,https://noaa-nws-rtofs-pds.s3.amazonaws.com/rtofs.20240606/rtofs_glo_3dz_f006_6hrly_hvr_US_east.nc
WOD_XBT_2024,xbt,22671894,US056204,EL COQUI (Cargo ship;c.s.WDJ4838;built 2018;IMO9721968;MMSI367781630),29.709,-80.394,2024-06-06T05:52:59Z,20240606,2024,372,0.7,245.8,17.85,True,True,True,https://noaa-nws-rtofs-pds.s3.amazonaws.com/rtofs.20240606/rtofs_glo_3dz_f006_6hrly_hvr_US_east.nc
WOD_XBT_2024,xbt,22671895,US056204,EL COQUI (Cargo ship;c.s.WDJ4838;built 2018;IMO9721968;MMSI367781630),29.893,-80.622,2024-06-06T06:50:59Z,20240606,2024,1559,0.7,988.4,13.4,True,True,True,https://noaa-nws-rtofs-pds.s3.amazonaws.com/rtofs.20240606/rtofs_glo_3dz_f006_6hrly_hvr_US_east.nc
WOD_XBT_2024,xbt,22671896,US056204,EL COQUI (Cargo ship;c.s.WDJ4838;built 2018;IMO9721968;MMSI367781630),29.804,-80.505,2024-06-06T06:21:59Z,20240606,2024,1559,0.7,988.4,19.0818,True,True,True,https://noaa-nws-rtofs-pds.s3.amazonaws.com/rtofs.20240606/rtofs_glo_3dz_f006_6hrly_hvr_US_east.nc
WOD_XBT_2024,xbt,22671897,US056204,EL COQUI (Cargo ship;c.s.WDJ4838;built 2018;IMO9721968;MMSI367781630),29.979,-80.743,2024-06-06T07:19:59Z,20240606,2024,1559,0.7,988.4,16.7,True,True,True,https://noaa-nws-rtofs-pds.s3.amazonaws.com/rtofs.20240606/rtofs_glo_3dz_f006_6hrly_hvr_US_east.nc
WOD_XBT_2024,xbt,22671898,US056204,EL COQUI (Cargo ship;c.s.WDJ4838;built 2018;IMO9721968;MMSI367781630),30.075,-80.872,2024-06-06T07:51:59Z,20240606,2024,54,0.7,36.1,11.76,True,True,True,https://noaa-nws-rtofs-pds.s3.amazonaws.com/rtofs.20240606/rtofs_glo_3dz_f006_6hrly_hvr_US_east.nc
WOD_XBT_2024,xbt,22765866,US056204,EL COQUI (Cargo ship;c.s.WDJ4838;built 2018;IMO9721968;MMSI367781630),30.162,-80.992,2024-06-06T08:22:00Z,20240606,2024,1559,0.7,988.4,,False,False,True,https://noaa-nws-rtofs-pds.s3.amazonaws.com/rtofs.20240606/rtofs_glo_3dz_f006_6hrly_hvr_US_east.nc
WOD_XBT_2024,xbt,22765867,US056204,EL COQUI (Cargo ship;c.s.WDJ4838;built 2018;IMO9721968;MMSI367781630),30.248,-81.111,2024-06-06T08:52:00Z,20240606,2024,1559,0.7,988.4,256.2,True,False,True,https://noaa-nws-rtofs-pds.s3.amazonaws.com/rtofs.20240606/rtofs_glo_3dz_f006_6hrly_hvr_US_east.nc
WOD_XBT_2024,xbt,22765868,US056204,EL COQUI (Cargo ship;c.s.WDJ4838;built 2018;IMO9721968;MMSI367781630),30.338,-81.228,2024-06-06T09:21:59Z,20240606,2024,496,0.7,326.3,,False,False,True,https://noaa-nws-rtofs-pds.s3.amazonaws.com/rtofs.20240606/rtofs_glo_3dz_f006_6hrly_hvr_US_east.nc
WOD_XBT_2024,xbt,22765869,US056204,EL COQUI (Cargo ship;c.s.WDJ4838;built 2018;IMO9721968;MMSI367781630),30.398,-81.368,2024-06-06T10:06:59Z,20240606,2024,1559,0.7,988.4,,False,False,True,https://noaa-nws-rtofs-pds.s3.amazonaws.com/rtofs.20240606/rtofs_glo_3dz_f006_6hrly_hvr_US_east.nc
WOD_XBT_2024,xbt,22767064,US056358,EL COQUI (Cargo ship;c.s.WDJ4838;built 2018;IMO9721968;MMSI367781630),30.398,-81.372,2024-08-10T02:29:00Z,20240810,2024,689,0.7,450.3,20.58,True,True,True,https://noaa-nws-rtofs-pds.s3.amazonaws.com/rtofs.20240810/rtofs_glo_3dz_f006_6hrly_hvr_US_east.nc
WOD_XBT_2024,xbt,22767066,US056358,EL COQUI (Cargo ship;c.s.WDJ4838;built 2018;IMO9721968;MMSI367781630),30.159,-80.985,2024-08-10T03:52:59Z,20240810,2024,1555,0.7,986.0,14.9333,True,True,True,https://noaa-nws-rtofs-pds.s3.amazonaws.com/rtofs.20240810/rtofs_glo_3dz_f006_6hrly_hvr_US_east.nc
WOD_XBT_2024,xbt,22767067,US056358,EL COQUI (Cargo ship;c.s.WDJ4838;built 2018;IMO9721968;MMSI367781630),30.249,-81.106,2024-08-10T03:29:00Z,20240810,2024,1478,0.7,939.8,11.43,True,True,True,https://noaa-nws-rtofs-pds.s3.amazonaws.com/rtofs.20240810/rtofs_glo_3dz_f006_6hrly_hvr_US_east.nc
WOD_XBT_2024,xbt,22767068,US056358,EL COQUI (Cargo ship;c.s.WDJ4838;built 2018;IMO9721968;MMSI367781630),30.338,-81.228,2024-08-10T03:02:59Z,20240810,2024,1559,0.7,988.4,17.8571,True,True,True,https://noaa-nws-rtofs-pds.s3.amazonaws.com/rtofs.20240810/rtofs_glo_3dz_f006_6hrly_hvr_US_east.nc
WOD_XBT_2024,xbt,22767069,US056358,EL COQUI (Cargo ship;c.s.WDJ4838;built 2018;IMO9721968;MMSI367781630),29.938,-80.71,2024-08-10T04:51:00Z,20240810,2024,301,0.7,199.4,11.1375,True,True,True,https://noaa-nws-rtofs-pds.s3.amazonaws.com/rtofs.20240810/rtofs_glo_3dz_f006_6hrly_hvr_US_east.nc
WOD_XBT_2024,xbt,22767070,US056358,EL COQUI (Cargo ship;c.s.WDJ4838;built 2018;IMO9721968;MMSI367781630),30.03,-80.829,2024-08-10T04:26:59Z,20240810,2024,366,0.7,241.9,10.56,True,True,True,https://noaa-nws-rtofs-pds.s3.amazonaws.com/rtofs.20240810/rtofs_glo_3dz_f006_6hrly_hvr_US_east.nc
WOD_XBT_2024,xbt,22767072,US056358,EL COQUI (Cargo ship;c.s.WDJ4838;built 2018;IMO9721968;MMSI367781630),29.761,-80.465,2024-08-10T05:39:59Z,20240810,2024,1473,0.7,936.8,15.7,True,True,True,https://noaa-nws-rtofs-pds.s3.amazonaws.com/rtofs.20240810/rtofs_glo_3dz_f006_6hrly_hvr_US_east.nc
WOD_XBT_2024,xbt,22767073,US056358,EL COQUI (Cargo ship;c.s.WDJ4838;built 2018;IMO9721968;MMSI367781630),29.849,-80.589,2024-08-10T05:15:00Z,20240810,2024,1463,0.7,930.7,12.4667,True,True,True,https://noaa-nws-rtofs-pds.s3.amazonaws.com/rtofs.20240810/rtofs_glo_3dz_f006_6hrly_hvr_US_east.nc
WOD_XBT_2024,xbt,22767075,US056358,EL COQUI (Cargo ship;c.s.WDJ4838;built 2018;IMO9721968;MMSI367781630),29.578,-80.227,2024-08-10T06:29:00Z,20240810,2024,1383,0.7,882.3,14.56,True,True,True,https://noaa-nws-rtofs-pds.s3.amazonaws.com/rtofs.20240810/rtofs_glo_3dz_f006_6hrly_hvr_US_east.nc
WOD_XBT_2024,xbt,22767076,US056358,EL COQUI (Cargo ship;c.s.WDJ4838;built 2018;IMO9721968;MMSI367781630),29.669,-80.347,2024-08-10T06:05:00Z,20240810,2024,1433,0.7,912.6,13.7,True,True,True,https://noaa-nws-rtofs-pds.s3.amazonaws.com/rtofs.20240810/rtofs_glo_3dz_f006_6hrly_hvr_US_east.nc
WOD_XBT_2024,xbt,22767077,US056358,EL COQUI (Cargo ship;c.s.WDJ4838;built 2018;IMO9721968;MMSI367781630),29.486,-80.109,2024-08-10T06:56:00Z,20240810,2024,1429,0.7,910.2,34.34,True,True,True,https://noaa-nws-rtofs-pds.s3.amazonaws.com/rtofs.20240810/rtofs_glo_3dz_f006_6hrly_hvr_US_east.nc
WOD_XBT_2024,xbt,22767253,US056358,EL COQUI (Cargo ship;c.s.WDJ4838;built 2018;IMO9721968;MMSI367781630),29.6,-80.269,2024-08-15T05:59:00Z,20240815,2024,1493,0.7,948.8,13.4857,True,True,True,https://noaa-nws-rtofs-pds.s3.amazonaws.com/rtofs.20240815/rtofs_glo_3dz_f006_6hrly_hvr_US_east.nc
WOD_XBT_2024,xbt,22767254,US056358,EL COQUI (Cargo ship;c.s.WDJ4838;built 2018;IMO9721968;MMSI367781630),29.436,-80.025,2024-08-15T05:15:00Z,20240815,2024,1490,0.7,947.0,15.4857,True,True,True,https://noaa-nws-rtofs-pds.s3.amazonaws.com/rtofs.20240815/rtofs_glo_3dz_f006_6hrly_hvr_US_east.nc
WOD_XBT_2024,xbt,22767255,US056358,EL COQUI (Cargo ship;c.s.WDJ4838;built 2018;IMO9721968;MMSI367781630),29.511,-80.153,2024-08-15T05:37:00Z,20240815,2024,1557,0.7,987.2,17.4,True,True,True,https://noaa-nws-rtofs-pds.s3.amazonaws.com/rtofs.20240815/rtofs_glo_3dz_f006_6hrly_hvr_US_east.nc
WOD_XBT_2024,xbt,22767256,US056358,EL COQUI (Cargo ship;c.s.WDJ4838;built 2018;IMO9721968;MMSI367781630),29.78,-80.501,2024-08-15T06:46:59Z,20240815,2024,1559,0.7,988.4,14.175,True,True,True,https://noaa-nws-rtofs-pds.s3.amazonaws.com/rtofs.20240815/rtofs_glo_3dz_f006_6hrly_hvr_US_east.nc
WOD_XBT_2024,xbt,22767257,US056358,EL COQUI (Cargo ship;c.s.WDJ4838;built 2018;IMO9721968;MMSI367781630),29.689,-80.386,2024-08-15T06:21:59Z,20240815,2024,530,0.7,348.3,13.1667,True,True,True,https://noaa-nws-rtofs-pds.s3.amazonaws.com/rtofs.20240815/rtofs_glo_3dz_f006_6hrly_hvr_US_east.nc
WOD_XBT_2024,xbt,22767258,US056358,EL COQUI (Cargo ship;c.s.WDJ4838;built 2018;IMO9721968;MMSI367781630),29.879,-80.631,2024-08-15T07:15:00Z,20240815,2024,1559,0.7,988.4,11.82,True,True,True,https://noaa-nws-rtofs-pds.s3.amazonaws.com/rtofs.20240815/rtofs_glo_3dz_f006_6hrly_hvr_US_east.nc
WOD_XBT_2024,xbt,22767259,US056358,EL COQUI (Cargo ship;c.s.WDJ4838;built 2018;IMO9721968;MMSI367781630),29.966,-80.75,2024-08-15T07:40:00Z,20240815,2024,1551,0.7,983.6,12.7,True,True,True,https://noaa-nws-rtofs-pds.s3.amazonaws.com/rtofs.20240815/rtofs_glo_3dz_f006_6hrly_hvr_US_east.nc
WOD_XBT_2024,xbt,22767260,US056358,EL COQUI (Cargo ship;c.s.WDJ4838;built 2018;IMO9721968;MMSI367781630),30.241,-81.093,2024-08-15T08:57:00Z,20240815,2024,200,0.7,132.9,10.2414,True,True,True,https://noaa-nws-rtofs-pds.s3.amazonaws.com/rtofs.20240815/rtofs_glo_3dz_f006_6hrly_hvr_US_east.nc
WOD_XBT_2024,xbt,22767261,US056358,EL COQUI (Cargo ship;c.s.WDJ4838;built 2018;IMO9721968;MMSI367781630),30.149,-80.979,2024-08-15T08:30:59Z,20240815,2024,383,0.7,253.0,10.5185,True,True,True,https://noaa-nws-rtofs-pds.s3.amazonaws.com/rtofs.20240815/rtofs_glo_3dz_f006_6hrly_hvr_US_east.nc
WOD_XBT_2024,xbt,22767262,US056358,EL COQUI (Cargo ship;c.s.WDJ4838;built 2018;IMO9721968;MMSI367781630),30.053,-80.869,2024-08-15T08:06:00Z,20240815,2024,1559,0.7,988.4,11.4857,True,True,True,https://noaa-nws-rtofs-pds.s3.amazonaws.com/rtofs.20240815/rtofs_glo_3dz_f006_6hrly_hvr_US_east.nc
WOD_XBT_2024,xbt,22767264,US056358,EL COQUI (Cargo ship;c.s.WDJ4838;built 2018;IMO9721968;MMSI367781630),30.321,-81.219,2024-08-15T09:23:00Z,20240815,2024,1559,0.7,988.4,,False,False,True,https://noaa-nws-rtofs-pds.s3.amazonaws.com/rtofs.20240815/rtofs_glo_3dz_f006_6hrly_hvr_US_east.nc
WOD_XBT_2024,xbt,22767265,US056358,EL COQUI (Cargo ship;c.s.WDJ4838;built 2018;IMO9721968;MMSI367781630),30.396,-81.348,2024-08-15T10:06:59Z,20240815,2024,339,0.7,224.2,16.504,True,True,True,https://noaa-nws-rtofs-pds.s3.amazonaws.com/rtofs.20240815/rtofs_glo_3dz_f006_6hrly_hvr_US_east.nc
WOD_XBT_2024,xbt,22767266,US056358,EL COQUI (Cargo ship;c.s.WDJ4838;built 2018;IMO9721968;MMSI367781630),30.397,-81.361,2024-08-15T10:10:00Z,20240815,2024,185,0.7,123.0,,False,False,True,https://noaa-nws-rtofs-pds.s3.amazonaws.com/rtofs.20240815/rtofs_glo_3dz_f006_6hrly_hvr_US_east.nc
WOD_XBT_2024,xbt,22767449,US056367,EL COQUI (Cargo ship;c.s.WDJ4838;built 2018;IMO9721968;MMSI367781630),30.385,-81.34,2024-09-07T00:42:59Z,20240907,2024,196,0.7,130.3,14.8953,True,True,True,https://noaa-nws-rtofs-pds.s3.amazonaws.com/rtofs.20240907/rtofs_glo_3dz_f006_6hrly_hvr_US_east.nc
WOD_XBT_2024,xbt,22767450,US056367,EL COQUI (Cargo ship;c.s.WDJ4838;built 2018;IMO9721968;MMSI367781630),30.316,-81.205,2024-09-07T01:12:00Z,20240907,2024,1544,0.7,979.5,75.1,True,True,True,https://noaa-nws-rtofs-pds.s3.amazonaws.com/rtofs.20240907/rtofs_glo_3dz_f006_6hrly_hvr_US_east.nc
WOD_XBT_2024,xbt,22767451,US056367,EL COQUI (Cargo ship;c.s.WDJ4838;built 2018;IMO9721968;MMSI367781630),30.297,-81.181,2024-09-07T01:16:59Z,20240907,2024,32,0.7,21.4,20.7402,True,True,True,https://noaa-nws-rtofs-pds.s3.amazonaws.com/rtofs.20240907/rtofs_glo_3dz_f006_6hrly_hvr_US_east.nc
WOD_XBT_2024,xbt,22767452,US056367,EL COQUI (Cargo ship;c.s.WDJ4838;built 2018;IMO9721968;MMSI367781630),30.207,-81.065,2024-09-07T01:41:59Z,20240907,2024,619,0.7,405.6,,False,False,True,https://noaa-nws-rtofs-pds.s3.amazonaws.com/rtofs.20240907/rtofs_glo_3dz_f006_6hrly_hvr_US_east.nc
WOD_XBT_2024,xbt,22767453,US056367,EL COQUI (Cargo ship;c.s.WDJ4838;built 2018;IMO9721968;MMSI367781630),29.939,-80.714,2024-09-07T02:55:00Z,20240907,2024,1559,0.7,988.4,33.6333,True,True,True,https://noaa-nws-rtofs-pds.s3.amazonaws.com/rtofs.20240907/rtofs_glo_3dz_f006_6hrly_hvr_US_east.nc
WOD_XBT_2024,xbt,22767454,US056367,EL COQUI (Cargo ship;c.s.WDJ4838;built 2018;IMO9721968;MMSI367781630),30.029,-80.831,2024-09-07T02:30:59Z,20240907,2024,1559,0.7,988.4,,False,False,True,https://noaa-nws-rtofs-pds.s3.amazonaws.com/rtofs.20240907/rtofs_glo_3dz_f006_6hrly_hvr_US_east.nc
WOD_XBT_2024,xbt,22767455,US056367,EL COQUI (Cargo ship;c.s.WDJ4838;built 2018;IMO9721968;MMSI367781630),30.117,-80.948,2024-09-07T02:05:59Z,20240907,2024,1069,0.7,689.6,,False,False,True,https://noaa-nws-rtofs-pds.s3.amazonaws.com/rtofs.20240907/rtofs_glo_3dz_f006_6hrly_hvr_US_east.nc
WOD_XBT_2024,xbt,22767456,US056367,EL COQUI (Cargo ship;c.s.WDJ4838;built 2018;IMO9721968;MMSI367781630),29.763,-80.479,2024-09-07T03:42:00Z,20240907,2024,871,0.7,565.7,,False,False,True,https://noaa-nws-rtofs-pds.s3.amazonaws.com/rtofs.20240907/rtofs_glo_3dz_f006_6hrly_hvr_US_east.nc
WOD_XBT_2024,xbt,22767457,US056367,EL COQUI (Cargo ship;c.s.WDJ4838;built 2018;IMO9721968;MMSI367781630),29.851,-80.597,2024-09-07T03:18:00Z,20240907,2024,1559,0.7,988.4,795.1,True,False,True,https://noaa-nws-rtofs-pds.s3.amazonaws.com/rtofs.20240907/rtofs_glo_3dz_f006_6hrly_hvr_US_east.nc
WOD_XBT_2024,xbt,22767458,US056367,EL COQUI (Cargo ship;c.s.WDJ4838;built 2018;IMO9721968;MMSI367781630),29.675,-80.361,2024-09-07T04:06:00Z,20240907,2024,1559,0.7,988.4,22.0999,True,True,True,https://noaa-nws-rtofs-pds.s3.amazonaws.com/rtofs.20240907/rtofs_glo_3dz_f006_6hrly_hvr_US_east.nc
WOD_XBT_2024,xbt,22767459,US056367,EL COQUI (Cargo ship;c.s.WDJ4838;built 2018;IMO9721968;MMSI367781630),29.494,-80.106,2024-09-07T04:58:00Z,20240907,2024,1559,0.7,988.4,37.9833,True,True,True,https://noaa-nws-rtofs-pds.s3.amazonaws.com/rtofs.20240907/rtofs_glo_3dz_f006_6hrly_hvr_US_east.nc
WOD_XBT_2024,xbt,22767460,US056367,EL COQUI (Cargo ship;c.s.WDJ4838;built 2018;IMO9721968;MMSI367781630),29.58,-80.229,2024-09-07T04:32:00Z,20240907,2024,289,0.7,191.5,26.1,True,True,True,https://noaa-nws-rtofs-pds.s3.amazonaws.com/rtofs.20240907/rtofs_glo_3dz_f006_6hrly_hvr_US_east.nc
WOD_XBT_2024,xbt,22767461,US056367,EL COQUI (Cargo ship;c.s.WDJ4838;built 2018;IMO9721968;MMSI367781630),29.589,-80.242,2024-09-07T04:28:59Z,20240907,2024,781,0.7,508.8,15.4,True,True,True,https://noaa-nws-rtofs-pds.s3.amazonaws.com/rtofs.20240907/rtofs_glo_3dz_f006_6hrly_hvr_US_east.nc
WOD_XBT_2024,xbt,22767732,US056367,EL COQUI (Cargo ship;c.s.WDJ4838;built 2018;IMO9721968;MMSI367781630),29.581,-80.222,2024-09-12T05:44:00Z,20240912,2024,1517,0.7,963.2,16.7001,True,True,True,https://noaa-nws-rtofs-pds.s3.amazonaws.com/rtofs.20240912/rtofs_glo_3dz_f006_6hrly_hvr_US_east.nc
WOD_XBT_2024,xbt,22767733,US056367,EL COQUI (Cargo ship;c.s.WDJ4838;built 2018;IMO9721968;MMSI367781630),29.496,-80.102,2024-09-12T05:20:59Z,20240912,2024,1535,0.7,974.1,40.6333,True,True,True,https://noaa-nws-rtofs-pds.s3.amazonaws.com/rtofs.20240912/rtofs_glo_3dz_f006_6hrly_hvr_US_east.nc
WOD_XBT_2024,xbt,22767734,US056367,EL COQUI (Cargo ship;c.s.WDJ4838;built 2018;IMO9721968;MMSI367781630),29.842,-80.578,2024-09-12T06:58:00Z,20240912,2024,639,0.7,418.4,,False,False,True,https://noaa-nws-rtofs-pds.s3.amazonaws.com/rtofs.20240912/rtofs_glo_3dz_f006_6hrly_hvr_US_east.nc
WOD_XBT_2024,xbt,22767735,US056367,EL COQUI (Cargo ship;c.s.WDJ4838;built 2018;IMO9721968;MMSI367781630),29.755,-80.46,2024-09-12T06:31:59Z,20240912,2024,1558,0.7,987.8,986.4286,True,False,True,https://noaa-nws-rtofs-pds.s3.amazonaws.com/rtofs.20240912/rtofs_glo_3dz_f006_6hrly_hvr_US_east.nc
WOD_XBT_2024,xbt,22767736,US056367,EL COQUI (Cargo ship;c.s.WDJ4838;built 2018;IMO9721968;MMSI367781630),29.667,-80.341,2024-09-12T06:07:59Z,20240912,2024,1492,0.7,948.2,45.54,True,True,True,https://noaa-nws-rtofs-pds.s3.amazonaws.com/rtofs.20240912/rtofs_glo_3dz_f006_6hrly_hvr_US_east.nc
WOD_XBT_2024,xbt,22767738,US056367,EL COQUI (Cargo ship;c.s.WDJ4838;built 2018;IMO9721968;MMSI367781630),30.017,-80.814,2024-09-12T07:50:00Z,20240912,2024,1559,0.7,988.4,,False,False,True,https://noaa-nws-rtofs-pds.s3.amazonaws.com/rtofs.20240912/rtofs_glo_3dz_f006_6hrly_hvr_US_east.nc
WOD_XBT_2024,xbt,22767739,US056367,EL COQUI (Cargo ship;c.s.WDJ4838;built 2018;IMO9721968;MMSI367781630),29.93,-80.696,2024-09-12T07:24:00Z,20240912,2024,1559,0.7,988.4,423.6636,True,False,True,https://noaa-nws-rtofs-pds.s3.amazonaws.com/rtofs.20240912/rtofs_glo_3dz_f006_6hrly_hvr_US_east.nc
WOD_XBT_2024,xbt,22767740,US056367,EL COQUI (Cargo ship;c.s.WDJ4838;built 2018;IMO9721968;MMSI367781630),30.108,-80.93,2024-09-12T08:15:59Z,20240912,2024,1559,0.7,988.4,25.05,True,True,True,https://noaa-nws-rtofs-pds.s3.amazonaws.com/rtofs.20240912/rtofs_glo_3dz_f006_6hrly_hvr_US_east.nc
WOD_XBT_2024,xbt,22767741,US056367,EL COQUI (Cargo ship;c.s.WDJ4838;built 2018;IMO9721968;MMSI367781630),30.205,-81.038,2024-09-12T08:41:59Z,20240912,2024,40,0.7,26.7,26.1238,True,True,True,https://noaa-nws-rtofs-pds.s3.amazonaws.com/rtofs.20240912/rtofs_glo_3dz_f006_6hrly_hvr_US_east.nc
WOD_XBT_2024,xbt,22767743,US056367,EL COQUI (Cargo ship;c.s.WDJ4838;built 2018;IMO9721968;MMSI367781630),30.287,-81.162,2024-09-12T09:08:59Z,20240912,2024,30,0.7,20.1,19.4058,True,True,True,https://noaa-nws-rtofs-pds.s3.amazonaws.com/rtofs.20240912/rtofs_glo_3dz_f006_6hrly_hvr_US_east.nc
WOD_XBT_2024,xbt,22767744,US056367,EL COQUI (Cargo ship;c.s.WDJ4838;built 2018;IMO9721968;MMSI367781630),30.365,-81.28,2024-09-12T09:40:59Z,20240912,2024,1559,0.7,988.4,,False,False,True,https://noaa-nws-rtofs-pds.s3.amazonaws.com/rtofs.20240912/rtofs_glo_3dz_f006_6hrly_hvr_US_east.nc
WOD_XBT_2024,xbt,22767977,US056370,BREMEN EXPRESS (Cont.s.;c.s.5LJY8;b.2008;flag Germany by 02.2023;IMO9343728)\0,25.758,-80.112,2024-09-29T12:46:00Z,20240929,2024,226,0.7,150.1,60.0,True,True,True,https://noaa-nws-rtofs-pds.s3.amazonaws.com/rtofs.20240929/rtofs_glo_3dz_f006_6hrly_hvr_US_east.nc
WOD_XBT_2024,xbt,22767978,US056370,BREMEN EXPRESS (Cont.s.;c.s.5LJY8;b.2008;flag Germany by 02.2023;IMO9343728)\0,25.807,-80.003,2024-09-29T13:12:59Z,20240929,2024,1559,0.7,988.4,13.1667,True,True,True,https://noaa-nws-rtofs-pds.s3.amazonaws.com/rtofs.20240929/rtofs_glo_3dz_f006_6hrly_hvr_US_east.nc
WOD_XBT_2025,xbt,22876789,US056993,EL COQUI (Cargo ship;c.s.WDJ4838;built 2018;IMO9721968;MMSI367781630),30.398,-81.367,2025-01-25T02:52:00Z,20250125,2025,134,0.7,89.3,14.35,True,True,True,https://noaa-nws-rtofs-pds.s3.amazonaws.com/rtofs.20250125/rtofs_glo_3dz_f006_6hrly_hvr_US_east.nc
WOD_XBT_2025,xbt,22876790,US056993,EL COQUI (Cargo ship;c.s.WDJ4838;built 2018;IMO9721968;MMSI367781630),30.353,-81.219,2025-01-25T03:42:00Z,20250125,2025,646,0.7,422.8,101.8,True,False,True,https://noaa-nws-rtofs-pds.s3.amazonaws.com/rtofs.20250125/rtofs_glo_3dz_f006_6hrly_hvr_US_east.nc
WOD_XBT_2025,xbt,22876792,US056993,EL COQUI (Cargo ship;c.s.WDJ4838;built 2018;IMO9721968;MMSI367781630),30.327,-81.066,2025-01-25T04:33:59Z,20250125,2025,1559,0.7,988.4,59.4,True,True,True,https://noaa-nws-rtofs-pds.s3.amazonaws.com/rtofs.20250125/rtofs_glo_3dz_f006_6hrly_hvr_US_east.nc
WOD_XBT_2025,xbt,22876794,US056993,EL COQUI (Cargo ship;c.s.WDJ4838;built 2018;IMO9721968;MMSI367781630),30.305,-80.912,2025-01-25T05:24:59Z,20250125,2025,1559,0.7,988.4,107.1,True,False,True,https://noaa-nws-rtofs-pds.s3.amazonaws.com/rtofs.20250125/rtofs_glo_3dz_f006_6hrly_hvr_US_east.nc
WOD_XBT_2025,xbt,22876795,US056993,EL COQUI (Cargo ship;c.s.WDJ4838;built 2018;IMO9721968;MMSI367781630),30.151,-80.658,2025-01-25T06:27:59Z,20250125,2025,488,0.7,321.2,123.0,True,False,True,https://noaa-nws-rtofs-pds.s3.amazonaws.com/rtofs.20250125/rtofs_glo_3dz_f006_6hrly_hvr_US_east.nc
WOD_XBT_2025,xbt,22876796,US056993,EL COQUI (Cargo ship;c.s.WDJ4838;built 2018;IMO9721968;MMSI367781630),30.241,-80.775,2025-01-25T06:02:59Z,20250125,2025,1105,0.7,711.9,81.9999,True,True,True,https://noaa-nws-rtofs-pds.s3.amazonaws.com/rtofs.20250125/rtofs_glo_3dz_f006_6hrly_hvr_US_east.nc
WOD_XBT_2025,xbt,22876797,US056993,EL COQUI (Cargo ship;c.s.WDJ4838;built 2018;IMO9721968;MMSI367781630),30.061,-80.542,2025-01-25T06:52:00Z,20250125,2025,1495,0.7,950.0,109.1,True,False,True,https://noaa-nws-rtofs-pds.s3.amazonaws.com/rtofs.20250125/rtofs_glo_3dz_f006_6hrly_hvr_US_east.nc
WOD_XBT_2025,xbt,22876799,US056993,EL COQUI (Cargo ship;c.s.WDJ4838;built 2018;IMO9721968;MMSI367781630),29.972,-80.425,2025-01-25T07:15:00Z,20250125,2025,1484,0.7,943.4,38.7,True,True,True,https://noaa-nws-rtofs-pds.s3.amazonaws.com/rtofs.20250125/rtofs_glo_3dz_f006_6hrly_hvr_US_east.nc
WOD_XBT_2025,xbt,22876800,US056993,EL COQUI (Cargo ship;c.s.WDJ4838;built 2018;IMO9721968;MMSI367781630),29.884,-80.307,2025-01-25T07:38:59Z,20250125,2025,1479,0.7,940.4,42.9333,True,True,True,https://noaa-nws-rtofs-pds.s3.amazonaws.com/rtofs.20250125/rtofs_glo_3dz_f006_6hrly_hvr_US_east.nc
WOD_XBT_2025,xbt,22876802,US056993,EL COQUI (Cargo ship;c.s.WDJ4838;built 2018;IMO9721968;MMSI367781630),29.798,-80.188,2025-01-25T08:03:00Z,20250125,2025,1440,0.7,916.8,90.04,True,True,True,https://noaa-nws-rtofs-pds.s3.amazonaws.com/rtofs.20250125/rtofs_glo_3dz_f006_6hrly_hvr_US_east.nc
WOD_XBT_2025,xbt,22876804,US056993,EL COQUI (Cargo ship;c.s.WDJ4838;built 2018;IMO9721968;MMSI367781630),29.71,-80.07,2025-01-25T08:27:59Z,20250125,2025,1439,0.7,916.2,60.0,True,True,True,https://noaa-nws-rtofs-pds.s3.amazonaws.com/rtofs.20250125/rtofs_glo_3dz_f006_6hrly_hvr_US_east.nc
WOD_XBT_2025,xbt,22877054,US056993,EL COQUI (Cargo ship;c.s.WDJ4838;built 2018;IMO9721968;MMSI367781630),29.711,-80.081,2025-01-30T05:22:59Z,20250130,2025,1503,0.7,954.8,42.7,True,True,True,https://noaa-nws-rtofs-pds.s3.amazonaws.com/rtofs.20250130/rtofs_glo_3dz_f006_6hrly_hvr_US_east.nc
WOD_XBT_2025,xbt,22877055,US056993,EL COQUI (Cargo ship;c.s.WDJ4838;built 2018;IMO9721968;MMSI367781630),29.8,-80.198,2025-01-30T05:49:00Z,20250130,2025,1559,0.7,988.4,46.98,True,True,True,https://noaa-nws-rtofs-pds.s3.amazonaws.com/rtofs.20250130/rtofs_glo_3dz_f006_6hrly_hvr_US_east.nc
WOD_XBT_2025,xbt,22877056,US056993,EL COQUI (Cargo ship;c.s.WDJ4838;built 2018;IMO9721968;MMSI367781630),29.974,-80.436,2025-01-30T06:43:00Z,20250130,2025,1559,0.7,988.4,23.4,True,True,True,https://noaa-nws-rtofs-pds.s3.amazonaws.com/rtofs.20250130/rtofs_glo_3dz_f006_6hrly_hvr_US_east.nc
WOD_XBT_2025,xbt,22877057,US056993,EL COQUI (Cargo ship;c.s.WDJ4838;built 2018;IMO9721968;MMSI367781630),29.887,-80.318,2025-01-30T06:14:59Z,20250130,2025,1559,0.7,988.4,31.925,True,True,True,https://noaa-nws-rtofs-pds.s3.amazonaws.com/rtofs.20250130/rtofs_glo_3dz_f006_6hrly_hvr_US_east.nc
WOD_XBT_2025,xbt,22877059,US056993,EL COQUI (Cargo ship;c.s.WDJ4838;built 2018;IMO9721968;MMSI367781630),30.152,-80.671,2025-01-30T07:38:59Z,20250130,2025,1559,0.7,988.4,34.3857,True,True,True,https://noaa-nws-rtofs-pds.s3.amazonaws.com/rtofs.20250130/rtofs_glo_3dz_f006_6hrly_hvr_US_east.nc
WOD_XBT_2025,xbt,22877060,US056993,EL COQUI (Cargo ship;c.s.WDJ4838;built 2018;IMO9721968;MMSI367781630),30.062,-80.554,2025-01-30T07:11:00Z,20250130,2025,1559,0.7,988.4,,False,False,True,https://noaa-nws-rtofs-pds.s3.amazonaws.com/rtofs.20250130/rtofs_glo_3dz_f006_6hrly_hvr_US_east.nc
WOD_XBT_2025,xbt,22877061,US056993,EL COQUI (Cargo ship;c.s.WDJ4838;built 2018;IMO9721968;MMSI367781630),30.241,-80.788,2025-01-30T08:07:00Z,20250130,2025,1559,0.7,988.4,28.1816,True,True,True,https://noaa-nws-rtofs-pds.s3.amazonaws.com/rtofs.20250130/rtofs_glo_3dz_f006_6hrly_hvr_US_east.nc
WOD_XBT_2025,xbt,22877062,US056993,EL COQUI (Cargo ship;c.s.WDJ4838;built 2018;IMO9721968;MMSI367781630),30.305,-80.926,2025-01-30T08:47:00Z,20250130,2025,1559,0.7,988.4,11.5,True,True,True,https://noaa-nws-rtofs-pds.s3.amazonaws.com/rtofs.20250130/rtofs_glo_3dz_f006_6hrly_hvr_US_east.nc
WOD_XBT_2025,xbt,22941774,US056993,EL COQUI (Cargo ship;c.s.WDJ4838;built 2018;IMO9721968;MMSI367781630),30.333,-81.079,2025-01-30T09:37:00Z,20250130,2025,120,0.7,80.0,11.1773,True,True,True,https://noaa-nws-rtofs-pds.s3.amazonaws.com/rtofs.20250130/rtofs_glo_3dz_f006_6hrly_hvr_US_east.nc
WOD_XBT_2025,xbt,22941775,US056993,EL COQUI (Cargo ship;c.s.WDJ4838;built 2018;IMO9721968;MMSI367781630),30.34,-81.12,2025-01-30T09:49:59Z,20250130,2025,159,0.7,105.8,,False,False,True,https://noaa-nws-rtofs-pds.s3.amazonaws.com/rtofs.20250130/rtofs_glo_3dz_f006_6hrly_hvr_US_east.nc
WOD_XBT_2025,xbt,22941776,US056993,EL COQUI (Cargo ship;c.s.WDJ4838;built 2018;IMO9721968;MMSI367781630),30.367,-81.273,2025-01-30T10:42:59Z,20250130,2025,1559,0.7,988.4,,False,False,True,https://noaa-nws-rtofs-pds.s3.amazonaws.com/rtofs.20250130/rtofs_glo_3dz_f006_6hrly_hvr_US_east.nc
WOD_XBT_2025,xbt,22877135,US056994,CHICAGO EXPRESS (Cont.ship;c.s.DCUJ2;built 2006;IMO9295268)\0,25.79,-80.053,2025-02-06T18:04:00Z,20250206,2025,396,0.7,261.4,32.3,True,True,True,https://noaa-nws-rtofs-pds.s3.amazonaws.com/rtofs.20250206/rtofs_glo_3dz_f006_6hrly_hvr_US_east.nc
WOD_XBT_2025,xbt,22941848,US057112,AIRPLANE,27.502,-86.004,2025-05-08T18:46:00Z,20250508,2025,672,0.0,800.0,21.0,True,True,True,https://noaa-nws-rtofs-pds.s3.amazonaws.com/rtofs.20250508/rtofs_glo_3dz_f006_6hrly_hvr_US_east.nc
WOD_XBT_2025,xbt,22941849,US057112,AIRPLANE,27.5,-86.608,2025-05-08T18:57:00Z,20250508,2025,731,0.0,820.0,18.0,True,True,True,https://noaa-nws-rtofs-pds.s3.amazonaws.com/rtofs.20250508/rtofs_glo_3dz_f006_6hrly_hvr_US_east.nc
WOD_XBT_2025,xbt,22941850,US057112,AIRPLANE,27.476,-87.246,2025-05-08T19:08:59Z,20250508,2025,498,0.0,619.0,16.0,True,True,True,https://noaa-nws-rtofs-pds.s3.amazonaws.com/rtofs.20250508/rtofs_glo_3dz_f006_6hrly_hvr_US_east.nc
WOD_XBT_2025,xbt,22941851,US057112,AIRPLANE,27.526,-87.844,2025-05-08T19:19:00Z,20250508,2025,708,0.0,811.0,15.0,True,True,True,https://noaa-nws-rtofs-pds.s3.amazonaws.com/rtofs.20250508/rtofs_glo_3dz_f006_6hrly_hvr_US_east.nc
WOD_XBT_2025,xbt,22941852,US057112,AIRPLANE,27.511,-88.134,2025-05-08T19:24:59Z,20250508,2025,416,0.0,596.0,27.0,True,True,True,https://noaa-nws-rtofs-pds.s3.amazonaws.com/rtofs.20250508/rtofs_glo_3dz_f006_6hrly_hvr_US_east.nc
WOD_XBT_2025,xbt,22941853,US057112,AIRPLANE,27.509,-88.501,2025-05-08T19:31:59Z,20250508,2025,741,0.0,822.0,20.0,True,True,True,https://noaa-nws-rtofs-pds.s3.amazonaws.com/rtofs.20250508/rtofs_glo_3dz_f006_6hrly_hvr_US_east.nc
WOD_XBT_2025,xbt,22941854,US057113,TAINO (Cont.ship;c.s.WDJ6598;b.2018;IMO9721970;MMSI367799380),30.398,-81.372,2025-05-14T04:06:00Z,20250514,2025,349,0.7,230.8,26.7,True,True,True,https://noaa-nws-rtofs-pds.s3.amazonaws.com/rtofs.20250514/rtofs_glo_3dz_f006_6hrly_hvr_US_east.nc
WOD_XBT_2025,xbt,22941855,US057113,TAINO (Cont.ship;c.s.WDJ6598;b.2018;IMO9721970;MMSI367799380),30.317,-81.242,2025-05-14T04:37:59Z,20250514,2025,1556,0.7,986.6,15.5301,True,True,True,https://noaa-nws-rtofs-pds.s3.amazonaws.com/rtofs.20250514/rtofs_glo_3dz_f006_6hrly_hvr_US_east.nc
WOD_XBT_2025,xbt,22941856,US057113,TAINO (Cont.ship;c.s.WDJ6598;b.2018;IMO9721970;MMSI367799380),30.232,-81.116,2025-05-14T05:03:00Z,20250514,2025,1476,0.7,938.6,932.7,True,False,True,https://noaa-nws-rtofs-pds.s3.amazonaws.com/rtofs.20250514/rtofs_glo_3dz_f006_6hrly_hvr_US_east.nc
WOD_XBT_2025,xbt,22941857,US057113,TAINO (Cont.ship;c.s.WDJ6598;b.2018;IMO9721970;MMSI367799380),30.148,-80.989,2025-05-14T05:26:59Z,20250514,2025,1391,0.7,887.2,17.26,True,True,True,https://noaa-nws-rtofs-pds.s3.amazonaws.com/rtofs.20250514/rtofs_glo_3dz_f006_6hrly_hvr_US_east.nc
WOD_XBT_2025,xbt,22941858,US057113,TAINO (Cont.ship;c.s.WDJ6598;b.2018;IMO9721970;MMSI367799380),30.062,-80.862,2025-05-14T05:50:59Z,20250514,2025,1382,0.7,881.7,14.9471,True,True,True,https://noaa-nws-rtofs-pds.s3.amazonaws.com/rtofs.20250514/rtofs_glo_3dz_f006_6hrly_hvr_US_east.nc
WOD_XBT_2025,xbt,22941859,US057113,TAINO (Cont.ship;c.s.WDJ6598;b.2018;IMO9721970;MMSI367799380),29.968,-80.745,2025-05-14T06:13:59Z,20250514,2025,1480,0.7,941.0,16.2545,True,True,True,https://noaa-nws-rtofs-pds.s3.amazonaws.com/rtofs.20250514/rtofs_glo_3dz_f006_6hrly_hvr_US_east.nc
WOD_XBT_2025,xbt,22941860,US057113,TAINO (Cont.ship;c.s.WDJ6598;b.2018;IMO9721970;MMSI367799380),29.873,-80.629,2025-05-14T06:37:00Z,20250514,2025,124,0.7,82.6,18.5091,True,True,True,https://noaa-nws-rtofs-pds.s3.amazonaws.com/rtofs.20250514/rtofs_glo_3dz_f006_6hrly_hvr_US_east.nc
WOD_XBT_2025,xbt,22941861,US057113,TAINO (Cont.ship;c.s.WDJ6598;b.2018;IMO9721970;MMSI367799380),29.772,-80.507,2025-05-14T07:00:59Z,20250514,2025,1498,0.7,951.8,20.325,True,True,True,https://noaa-nws-rtofs-pds.s3.amazonaws.com/rtofs.20250514/rtofs_glo_3dz_f006_6hrly_hvr_US_east.nc
WOD_XBT_2025,xbt,22941862,US057113,TAINO (Cont.ship;c.s.WDJ6598;b.2018;IMO9721970;MMSI367799380),29.578,-80.276,2025-05-14T07:48:00Z,20250514,2025,1460,0.7,928.9,16.875,True,True,True,https://noaa-nws-rtofs-pds.s3.amazonaws.com/rtofs.20250514/rtofs_glo_3dz_f006_6hrly_hvr_US_east.nc
WOD_XBT_2025,xbt,22941863,US057113,TAINO (Cont.ship;c.s.WDJ6598;b.2018;IMO9721970;MMSI367799380),29.674,-80.391,2025-05-14T07:24:59Z,20250514,2025,1486,0.7,944.6,20.1,True,True,True,https://noaa-nws-rtofs-pds.s3.amazonaws.com/rtofs.20250514/rtofs_glo_3dz_f006_6hrly_hvr_US_east.nc
WOD_XBT_2025,xbt,22941864,US057113,TAINO (Cont.ship;c.s.WDJ6598;b.2018;IMO9721970;MMSI367799380),29.39,-80.043,2025-05-14T08:34:59Z,20250514,2025,1458,0.7,927.7,16.7,True,True,True,https://noaa-nws-rtofs-pds.s3.amazonaws.com/rtofs.20250514/rtofs_glo_3dz_f006_6hrly_hvr_US_east.nc
WOD_XBT_2025,xbt,22941865,US057113,TAINO (Cont.ship;c.s.WDJ6598;b.2018;IMO9721970;MMSI367799380),29.482,-80.162,2025-05-14T08:10:59Z,20250514,2025,1470,0.7,935.0,13.4,True,True,True,https://noaa-nws-rtofs-pds.s3.amazonaws.com/rtofs.20250514/rtofs_glo_3dz_f006_6hrly_hvr_US_east.nc
WOD_XBT_2025,xbt,22942026,US057113,TAINO (Cont.ship;c.s.WDJ6598;b.2018;IMO9721970;MMSI367799380),29.623,-80.299,2025-05-19T05:57:59Z,20250519,2025,1559,0.7,988.4,10.9333,True,True,True,https://noaa-nws-rtofs-pds.s3.amazonaws.com/rtofs.20250519/rtofs_glo_3dz_f006_6hrly_hvr_US_east.nc
WOD_XBT_2025,xbt,22942027,US057113,TAINO (Cont.ship;c.s.WDJ6598;b.2018;IMO9721970;MMSI367799380),29.464,-80.05,2025-05-19T05:11:59Z,20250519,2025,1071,0.7,690.8,30.7,True,True,True,https://noaa-nws-rtofs-pds.s3.amazonaws.com/rtofs.20250519/rtofs_glo_3dz_f006_6hrly_hvr_US_east.nc
WOD_XBT_2025,xbt,22942028,US057113,TAINO (Cont.ship;c.s.WDJ6598;b.2018;IMO9721970;MMSI367799380),29.54,-80.178,2025-05-19T05:35:00Z,20250519,2025,1559,0.7,988.4,14.98,True,True,True,https://noaa-nws-rtofs-pds.s3.amazonaws.com/rtofs.20250519/rtofs_glo_3dz_f006_6hrly_hvr_US_east.nc
WOD_XBT_2025,xbt,22942029,US057113,TAINO (Cont.ship;c.s.WDJ6598;b.2018;IMO9721970;MMSI367799380),29.807,-80.527,2025-05-19T06:47:59Z,20250519,2025,1559,0.7,988.4,15.12,True,True,True,https://noaa-nws-rtofs-pds.s3.amazonaws.com/rtofs.20250519/rtofs_glo_3dz_f006_6hrly_hvr_US_east.nc
WOD_XBT_2025,xbt,22942030,US057113,TAINO (Cont.ship;c.s.WDJ6598;b.2018;IMO9721970;MMSI367799380),29.715,-80.413,2025-05-19T06:23:00Z,20250519,2025,1559,0.7,988.4,11.7333,True,True,True,https://noaa-nws-rtofs-pds.s3.amazonaws.com/rtofs.20250519/rtofs_glo_3dz_f006_6hrly_hvr_US_east.nc
WOD_XBT_2025,xbt,22942031,US057113,TAINO (Cont.ship;c.s.WDJ6598;b.2018;IMO9721970;MMSI367799380),29.899,-80.641,2025-05-19T07:14:00Z,20250519,2025,1556,0.7,986.6,16.0,True,True,True,https://noaa-nws-rtofs-pds.s3.amazonaws.com/rtofs.20250519/rtofs_glo_3dz_f006_6hrly_hvr_US_east.nc
WOD_XBT_2025,xbt,22942032,US057113,TAINO (Cont.ship;c.s.WDJ6598;b.2018;IMO9721970;MMSI367799380),29.986,-80.76,2025-05-19T07:40:00Z,20250519,2025,1559,0.7,988.4,11.26,True,True,True,https://noaa-nws-rtofs-pds.s3.amazonaws.com/rtofs.20250519/rtofs_glo_3dz_f006_6hrly_hvr_US_east.nc
WOD_XBT_2025,xbt,22942033,US057113,TAINO (Cont.ship;c.s.WDJ6598;b.2018;IMO9721970;MMSI367799380),30.073,-80.879,2025-05-19T08:06:00Z,20250519,2025,1559,0.7,988.4,14.6364,True,True,True,https://noaa-nws-rtofs-pds.s3.amazonaws.com/rtofs.20250519/rtofs_glo_3dz_f006_6hrly_hvr_US_east.nc
WOD_XBT_2025,xbt,22942034,US057113,TAINO (Cont.ship;c.s.WDJ6598;b.2018;IMO9721970;MMSI367799380),30.16,-80.998,2025-05-19T08:32:00Z,20250519,2025,1559,0.7,988.4,12.3,True,True,True,https://noaa-nws-rtofs-pds.s3.amazonaws.com/rtofs.20250519/rtofs_glo_3dz_f006_6hrly_hvr_US_east.nc
WOD_XBT_2025,xbt,22942035,US057113,TAINO (Cont.ship;c.s.WDJ6598;b.2018;IMO9721970;MMSI367799380),30.33,-81.24,2025-05-19T09:56:59Z,20250519,2025,1559,0.7,988.4,,False,False,True,https://noaa-nws-rtofs-pds.s3.amazonaws.com/rtofs.20250519/rtofs_glo_3dz_f006_6hrly_hvr_US_east.nc
WOD_XBT_2025,xbt,22942036,US057113,TAINO (Cont.ship;c.s.WDJ6598;b.2018;IMO9721970;MMSI367799380),30.245,-81.119,2025-05-19T09:08:59Z,20250519,2025,772,0.7,503.1,,False,False,True,https://noaa-nws-rtofs-pds.s3.amazonaws.com/rtofs.20250519/rtofs_glo_3dz_f006_6hrly_hvr_US_east.nc
WOD_XBT_2025,xbt,22942037,US057113,TAINO (Cont.ship;c.s.WDJ6598;b.2018;IMO9721970;MMSI367799380),30.399,-81.375,2025-05-19T10:41:00Z,20250519,2025,1559,0.7,988.4,,False,False,True,https://noaa-nws-rtofs-pds.s3.amazonaws.com/rtofs.20250519/rtofs_glo_3dz_f006_6hrly_hvr_US_east.nc
WOD_XBT_2025,xbt,22942038,US057113,TAINO (Cont.ship;c.s.WDJ6598;b.2018;IMO9721970;MMSI367799380),30.389,-81.531,2025-05-19T11:42:59Z,20250519,2025,1559,0.7,988.4,273.2001,True,False,True,https://noaa-nws-rtofs-pds.s3.amazonaws.com/rtofs.20250519/rtofs_glo_3dz_f006_6hrly_hvr_US_east.nc
WOD_XBT_2025,xbt,22942039,US057113,TAINO (Cont.ship;c.s.WDJ6598;b.2018;IMO9721970;MMSI367799380),30.359,-81.618,2025-05-19T12:50:59Z,20250519,2025,1559,0.7,988.4,12.6588,True,True,True,https://noaa-nws-rtofs-pds.s3.amazonaws.com/rtofs.20250519/rtofs_glo_3dz_f006_6hrly_hvr_US_east.nc
WOD_XBT_2025,xbt,22942040,US057113,TAINO (Cont.ship;c.s.WDJ6598;b.2018;IMO9721970;MMSI367799380),30.378,-81.629,2025-05-19T12:31:59Z,20250519,2025,1559,0.7,988.4,125.6999,True,False,True,https://noaa-nws-rtofs-pds.s3.amazonaws.com/rtofs.20250519/rtofs_glo_3dz_f006_6hrly_hvr_US_east.nc
